rank,domain,title,has_iso_27001,has_soc_2,has_csa_star,total_claimed_attestations,attestation_audit_status,pages_inspected,attestation_evidence,score_tls_transport,score_dns_email,score_http_headers,score_pki_cert,d_vpf_technical_score,dmarc_policy,hsts_present,csp_present,tls_validation_status,cert_lifespan_days,cert_max_allowed_days,key_type,key_bits,http_probe_status,dns_probe_status
29,github.com,GitHub · Change is constant. GitHub keeps you ahead. · GitHub,0,1,0,1,observed,https://github.com/;https://github.com/security;https://github.com/trust;https://github.com/compliance;https://github.com/trust-center;https://github.com/security/advanced-security;https://github.com/security/advanced-security/code-security;https://github.com/security/advanced-security/secret-protection;https://github.com/resources/articles,https://github.com/security,20,10,25,25,80,None,True,True,verified,89,200,EC-secp256r1,256,observed,observed
36,fastly.net,,1,1,0,2,observed,https://www.fastly.com/;https://www.fastly.com/products/web-application-api-protection;https://www.fastly.com/trust;https://www.fastly.com/compliance;https://www.fastly.com/services/managed-security-service;https://www.fastly.com/solutions/customer-trust;https://www.fastly.com/solutions/privacy-enablement,https://www.fastly.com/compliance,18,10,10,25,63,None,True,False,verified,29,200,RSA,2048,observed,observed
37,doubleclick.net,Enterprise Advertising & Analytics Solutions - Google Marketing Platform,0,0,0,0,observed,https://marketingplatform.google.com/about/enterprise/;https://marketingplatform.google.com/about/resources/the-marketers-playbook-for-navigating-todays-privacy-environment/,,15,10,13,25,63,None,False,True,verified,83,200,EC-secp256r1,256,observed,observed
45,gandi.net,"Gandi.net - Gandi.net: Domain Names, Web Hosting, SSL Certificates and Emails",1,0,0,1,observed,https://www.gandi.net/en-US;https://www.gandi.net/en-US/security;https://www.gandi.net/en-US/trust-center;https://news.gandi.net/en/2026/09/acme-automate-your-ssl-tls-certificate-renewals/;https://id.gandi.net/en/login,https://www.gandi.net/en-US,18,5,15,25,63,None,True,False,verified,198,200,RSA,4096,observed,observed
47,digicert.com,TLS/SSL Certificate Authority | Leader in Digital Trust | DigiCert,0,0,0,0,observed,https://www.digicert.com/,,18,10,5,25,58,None,True,False,verified,46,200,RSA,2048,observed,observed
65,windows.net,.NET - Build modern apps and powerful cloud services,0,0,0,0,observed,https://dotnet.microsoft.com/en-us/;https://dotnet.microsoft.com/en-us/;https://dotnet.microsoft.com/en-us/;https://dotnet.microsoft.com/en-us/;https://dotnet.microsoft.com/en-us/;https://dotnet.microsoft.com/en-us/;https://dotnet.microsoft.com/en-us/;https://dotnet.microsoft.com/en-us/;https://dotnet.microsoft.com/en-us/,,10,10,20,0,40,None,True,True,unverified,0,0,Unknown,0,observed,observed
77,zoom.us,One platform to connect | Zoom,1,1,1,3,observed,https://www.zoom.com;https://www.zoom.com/en/trust/security/;https://www.zoom.com/en/trust/;https://www.zoom.com/en/trust/legal-compliance/,https://www.zoom.com/en/trust/legal-compliance/,20,10,0,25,55,None,True,False,verified,365,398,RSA,2048,observed,observed
92,sentry.io,Application Performance Monitoring & Error Tracking Software | Sentry,1,1,0,2,observed,https://sentry.io/welcome/;https://sentry.io/security/;https://sentry.io/trust/;https://sentry.io/auth/login/compliance/;https://sentry.io/auth/login/compliance/;https://sentry.io/auth/login/trust-center/;https://trust.sentry.io/auth/login/;https://sentry.io/auth/login/compliance/;https://sentry.io/auth/login/,https://sentry.io/welcome/,15,10,10,25,60,None,False,True,verified,198,200,RSA,2048,observed,observed
93,f5.com,Hybrid Multicloud App Security & Delivery for the AI Era | F5,0,1,0,1,observed,https://www.f5.com/;https://www.f5.com/security;https://www.f5.com/company/trust-center/compliance;https://www.f5.com/solutions/ai-security;https://www.f5.com/solutions/zero-trust-architecture;https://www.f5.com/solutions/network-security;https://www.f5.com/products/f5-application-delivery-and-security-platform/digital-sovereignty,https://www.f5.com/company/trust-center/compliance,18,10,10,25,63,None,True,True,verified,396,398,RSA,2048,observed,observed
138,dropbox.com,"Dropbox: Secure cloud storage, file sharing, and more",1,1,1,3,observed,https://www.dropbox.com/;https://www.dropbox.com/features/security;https://www.dropbox.com/features/security;https://trust.dropbox.com/,https://trust.dropbox.com/,20,10,25,25,80,None,True,True,verified,56,200,EC-secp256r1,256,observed,observed
140,kaspersky.com,Kaspersky Cyber Security Solutions for Home and Business | Kaspersky,0,0,0,0,observed,https://www.kaspersky.com/;https://support.kaspersky.com/us;https://www.kaspersky.com/home-security;https://www.kaspersky.com/small-to-medium-business-security/downloads;https://support.kaspersky.com/us;https://lp.kaspersky.com/global/ksb2025/,,20,5,25,25,75,None,True,True,verified,364,398,RSA,2048,observed,observed
175,adobe.io,The most memorable digital experiences are unleashed by developer creativity,0,0,0,0,observed,https://developer.adobe.com/;https://developer.adobe.com/compliance/,,18,5,0,25,48,None,True,False,verified,198,200,RSA,2048,observed,observed
179,shopify.com,Shopify: The All-in-One Commerce Platform for Businesses - Shopify,0,1,0,1,observed,https://www.shopify.com/;https://www.shopify.com/security;https://www.shopify.com/,https://www.shopify.com/security,20,5,5,25,55,None,True,False,verified,90,200,EC-secp256r1,256,observed,observed
201,vungle.com,The Leading Growth Acceleration Platform for the Mobile Industry.,0,0,0,0,observed,https://liftoff.ai/;https://liftoff.ai/privacy-policy/,,15,5,0,25,45,None,False,False,verified,89,200,EC-secp256r1,256,observed,observed
228,pages.dev,Cloudflare Pages - Serverless Full-Stack Platform,0,0,0,0,observed,https://www.cloudflare.com/products/pages/;https://www.cloudflare.com/products/pages/;https://www.cloudflare.com/products/pages/;https://www.cloudflare.com/products/pages/;https://www.cloudflare.com/products/pages/;https://www.cloudflare.com/products/pages/;https://www.cloudflare.com/products/pages/;https://www.cloudflare.com/products/pages/;https://www.cloudflare.com/products/pages/;https://trust.pages.dev/;https://security.pages.dev/;https://compliance.pages.dev/;https://www.cloudflare.com/products/pages/,,20,0,25,25,70,None,True,True,verified,90,200,EC-secp256r1,256,observed,observed
232,ubuntu.com,Enterprise Open Source and Linux | Ubuntu,0,0,0,0,observed,https://ubuntu.com/;https://ubuntu.com/security/security-standards;https://ubuntu.com/security/esm;https://ubuntu.com/security/security-standards;https://ubuntu.com/security/security-standards,,18,10,20,25,73,None,True,True,verified,89,200,RSA,2048,observed,observed
239,stripe.com,Stripe | Financial Infrastructure to Grow Your Revenue,0,1,0,1,observed,https://stripe.com/;https://docs.stripe.com/security;https://trust.stripe.com/,https://docs.stripe.com/security,20,10,25,25,80,None,True,True,verified,107,200,EC-secp256r1,256,observed,observed
241,cpanel.net,Web Hosting Control Panel & Server Management Tools | cPanel,0,0,0,0,observed,https://www.cpanel.net/;https://docs.cpanel.net/release-notes/release-notes/,,15,10,0,25,50,None,False,False,verified,384,398,RSA,2048,observed,observed
258,hubspot.com,HubSpot | Software & Tools for your Business - Homepage,0,1,0,1,observed,https://www.hubspot.com/;https://legal.hubspot.com/security;https://trust.hubspot.com/,https://legal.hubspot.com/security,20,5,23,25,73,None,True,True,verified,90,200,EC-secp256r1,256,observed,observed
260,hcaptcha.com,hCaptcha: Real-Time Bot Detection & Fraud Prevention,1,1,0,2,observed,https://www.hcaptcha.com/;https://www.hcaptcha.com/account-defense;https://www.hcaptcha.com/certifications;https://www.hcaptcha.com/privacy,https://www.hcaptcha.com/,20,10,20,25,75,None,True,True,verified,90,200,EC-secp256r1,256,observed,observed
287,appsflyer.com,AppsFlyer | Modern Marketing Cloud,0,0,0,0,observed,https://www.appsflyer.com:443/;https://www.appsflyer.com:443/security;https://www.appsflyer.com:443/trust;https://www.appsflyer.com/products/enterprise-grade-security,,20,5,5,25,55,None,True,False,verified,393,398,RSA,2048,observed,observed
299,salesforce.com,Salesforce: The #1 Agentic AI CRM,0,0,0,0,observed,https://www.salesforce.com/;https://security.salesforce.com/;https://trust.salesforce.com/;https://trust.salesforce.com/;https://security.salesforce.com/;https://compliance.salesforce.com/en,,18,5,15,25,63,None,True,False,verified,198,200,EC-secp256r1,256,observed,observed
313,alibaba.com,"Alibaba.com: Manufacturers, Suppliers, Exporters & Importers from the world's largest online B2B mar",0,0,0,0,observed,https://www.alibaba.com/;https://error.alibaba.com/error404.htm;https://error.alibaba.com/error404.htm;https://error.alibaba.com/error404.htm;https://error.alibaba.com/error404.htm;https://error.alibaba.com/error404.htm;https://error.alibaba.com/error404.htm;https://error.alibaba.com/error404.htm;https://error.alibaba.com/error404.htm;https://error.alibaba.com/error404.htm,,18,5,10,25,58,None,True,False,verified,198,200,EC-secp256r1,256,observed,observed
327,datadoghq.com,Cloud Monitoring as a Service | Datadog,0,0,0,0,observed,https://www.datadoghq.com/;https://www.datadoghq.com/trust/;https://www.datadoghq.com/trust/;https://www.datadoghq.com/compliance/;https://www.datadoghq.com/product/audit-trail/;https://www.datadoghq.com/products/security/;https://www.datadoghq.com/product/code-security/;https://www.datadoghq.com/product/iac-security/,,20,5,25,25,75,None,True,True,verified,198,200,RSA,2048,observed,observed
358,opendns.com,Cloud Delivered Enterprise Security by OpenDNS,0,0,0,0,observed,https://www.opendns.com:443/;https://www.opendns.com:443/home-internet-security/;https://www.opendns.com:443/privacy-policy/,,20,10,10,25,65,None,True,False,verified,89,200,RSA,2048,observed,observed
383,ip-api.com,IP-API.com - Geolocation API,0,0,0,0,observed,https://ip-api.com/;https://ip-api.com/;https://ip-api.com/;https://ip-api.com/;https://ip-api.com/;https://ip-api.com/;https://ip-api.com/;https://ip-api.com/;https://ip-api.com/;https://ip-api.com/,,10,5,0,25,40,None,False,False,verified,396,398,RSA,2048,observed,observed
387,plesk.com,Web Hosting & Server Management Platform | Plesk,0,0,0,0,observed,https://www.plesk.com/;https://www.plesk.com/,,18,5,20,25,68,None,True,True,verified,90,200,EC-secp256r1,256,observed,observed
388,newrelic.com,AI-powered Observability,0,0,0,0,observed,https://newrelic.com/;https://trust.newrelic.com/;https://newrelic.com/platform/security-rx;https://trust.newrelic.com/,,20,5,15,25,65,None,True,True,verified,364,398,RSA,2048,observed,observed
391,paloaltonetworks.com,Leader in Cybersecurity Protection & Software for the Modern Enterprises - Palo Alto Networks,1,1,0,2,observed,https://www.paloaltonetworks.com;https://trust.paloaltonetworks.com/;https://security.paloaltonetworks.com/,https://trust.paloaltonetworks.com/,18,5,20,25,68,None,True,True,verified,198,200,RSA,2048,observed,observed
406,ipify.org,ipify - A Simple Public IP Address API,0,0,0,0,observed,https://www.ipify.org/,,15,5,0,25,45,None,False,False,verified,90,200,EC-secp256r1,256,observed,observed
451,ipinfo.io,IP Data Intelligence for Developers & Enterprises | IPinfo,0,0,0,0,observed,https://ipinfo.io/;https://ipinfo.io/data/proxy-vpn-detection,,15,5,15,25,60,None,False,False,verified,89,200,RSA,2048,observed,observed
496,atlassian.net,Products | Atlassian,0,0,0,0,observed,https://www.atlassian.com/software;https://www.atlassian.com/software;https://www.atlassian.com/software;https://www.atlassian.com/software;https://www.atlassian.com/software;https://www.atlassian.com/software;https://www.atlassian.com/software;https://www.atlassian.com/software;https://www.atlassian.com/software;https://id.atlassian.com/login;https://id.atlassian.com/login;https://www.atlassian.com/software,,18,10,20,25,73,None,True,True,verified,197,200,RSA,2048,observed,observed
500,dynatrace.com,Dynatrace | Observability built for the age of AI,1,1,0,2,observed,https://www.dynatrace.com/;https://www.dynatrace.com/company/trust-center/security/;https://www.dynatrace.com/platform/application-security/;https://trust.dynatrace.com/;https://security.dynatrace.com/,https://trust.dynatrace.com/,20,5,25,25,75,None,True,True,verified,197,200,RSA,2048,observed,observed
529,trendmicro.com,Trend Micro (US) | Global Enterprise AI Cybersecurity Platform,1,1,1,3,observed,https://www.trendmicro.com/en_us/business.html;https://www.trendmicro.com/en_us/forHome/products.html;https://www.trendmicro.com/en_us/about/trust-center/compliance.html;https://www.trendmicro.com/en_us/forHome.html;https://www.trendmicro.com/en_us/business/services/support-services/education.html;https://www.trendmicro.com/en_us/what-is.html;https://www.trendmicro.com/en_us/what-is.html,https://www.trendmicro.com/en_us/about/trust-center/compliance.html,15,10,15,25,65,None,False,True,verified,198,200,EC-secp256r1,256,observed,observed
566,eset.com,"ESET Cybersecurity | Enterprise, Business and Home Solutions | ESET",0,0,0,0,observed,https://www.eset.com/us/;https://security.eset.com/,,18,5,25,25,73,None,True,True,verified,89,200,RSA,3072,observed,observed
591,klaviyo.com,Klaviyo: AI Email Marketing & SMS | B2C CRM,1,1,0,2,observed,https://www.klaviyo.com/;https://www.klaviyo.com/security;https://www.klaviyo.com/trust;https://trust.klaviyo.com/;https://www.klaviyo.com/,https://www.klaviyo.com/security;https://www.klaviyo.com/,20,5,15,25,65,None,True,False,verified,394,398,RSA,2048,observed,observed
594,dreamhost.com,Web Hosting Built for Growth - DreamHost,0,0,0,0,observed,https://www.dreamhost.com/;https://www.dreamhost.com/features/security/;https://www.dreamhost.com/features/security/;https://www.dreamhost.com/features/private-registration/,,15,5,0,25,45,None,False,False,verified,197,200,RSA,2048,observed,observed
605,bitdefender.net,Bitdefender - Global Leader in Cybersecurity Software,0,0,0,0,observed,https://www.bitdefender.com/en-us/;https://www.bitdefender.com/en-us/;https://www.bitdefender.com/en-us/;https://www.bitdefender.com/en-us/;https://www.bitdefender.com/en-us/;https://www.bitdefender.com/en-us/;https://www.bitdefender.com/en-us/;https://www.bitdefender.com/en-us/;https://www.bitdefender.com/en-us/;https://www.bitdefender.com/en-us/consumer/small-business-security;https://www.bitdefender.com/en-us/consumer/security-for-creators;https://www.bitdefender.com/en-us/consumer/total-security;https://www.bitdefender.com/en-us/consumer/premium-security,,20,5,20,25,70,None,True,True,verified,396,398,RSA,2048,observed,observed
622,onetrust.com,Responsible AI Governance & Compliance Solutions | OneTrust,1,1,0,2,observed,https://www.onetrust.com/;https://www.onetrust.com/;https://www.onetrust.com/trust/;https://www.onetrust.com/error-pages/404/;https://www.onetrust.com/error-pages/404/;https://www.onetrust.com/error-pages/404/;https://www.onetrust.com/error-pages/404/;https://www.onetrust.com/error-pages/404/;https://www.onetrust.com/resources/onetrust-2026-ai-ready-governance-report/;https://www.onetrust.com/solutions/ai-governance/;https://www.onetrust.com/solutions/consent-and-preferences/;https://www.onetrust.com/solutions/data-use-governance/,https://www.onetrust.com/trust/,20,5,15,25,65,None,True,True,verified,90,200,EC-secp256r1,256,observed,observed
639,branch.io,Mobile Measurement & Deep Linking Platform | Branch,1,1,0,2,observed,https://www.branch.io/;https://www.branch.io/security/;https://www.branch.io/products/;https://www.branch.io/advanced-compliance/;https://trust.branch.io/,https://www.branch.io/;https://trust.branch.io/,18,10,15,25,68,None,True,False,verified,197,200,RSA,2048,observed,observed
661,redhat.com,Red Hat - We make open source technologies for the enterprise,0,0,0,0,observed,https://www.redhat.com/en;https://www.redhat.com/en/solutions/security-approach;https://www.redhat.com/en/trust;https://www.redhat.com/en/about/agreements;https://www.redhat.com/en/solutions/security-and-compliance-approach;https://www.redhat.com/en/partners/certified-cloud-and-service-providers;https://www.redhat.com/en/services/certifications;https://www.redhat.com/en/services/training-and-certification,,18,10,25,25,78,None,True,True,verified,198,200,RSA,4096,observed,observed
735,globalsign.com,Digital Certificates - PKI - SSL/TLS 🌎 GlobalSign GMO,0,0,0,0,observed,https://www.globalsign.com/en;https://www.globalsign.com/en/products;https://www.globalsign.com/en/enterprise/management-automation/certificate-lifecycle-management;https://www.globalsign.com/en/atlas-discovery-certificate-management;https://www.globalsign.com/en/acme-automated-certificate-management;https://www.globalsign.com/en/enterprise/management-automation/certificate-automation-manager,,15,10,5,25,55,None,False,False,verified,199,200,RSA,2048,observed,observed
802,visma.com,Visma | We own and shape business software companies into market leaders.,0,0,0,0,observed,https://www.visma.com/;https://www.visma.com/trust-centre;https://www.visma.com/trust-centre;https://www.visma.com/ethics-and-compliance;https://www.visma.com/website-privacy-statements;https://www.visma.com/ethics-and-compliance/transparency-act,,18,5,0,25,48,None,True,False,verified,90,200,EC-secp256r1,256,observed,observed
822,zoho.com,Zoho | Cloud Software Suite for Businesses,0,0,0,0,observed,https://www.zoho.com/;https://www.zoho.com/security.html;https://www.zoho.com/privacy-commitment.html,,20,10,13,25,68,None,True,True,verified,395,398,RSA,2048,observed,observed
829,deepl.com,"DeepL AI Platform: Translation, Voice & API",0,1,0,1,observed,https://www.deepl.com/en;https://www.deepl.com/en/pro-data-security,https://www.deepl.com/en/pro-data-security,20,10,20,25,75,None,True,True,verified,90,200,EC-secp256r1,256,observed,observed
834,liftoff.io,The Leading Growth Acceleration Platform for the Mobile Industry.,0,0,0,0,observed,https://liftoff.ai/;https://liftoff.ai/privacy-policy/,,15,5,0,25,45,None,False,False,verified,90,200,EC-secp256r1,256,observed,observed
835,blackberry.com,BlackBerry | Secure Communications and QNX,1,1,0,2,observed,https://www.blackberry.com/en;https://www.blackberry.com/en;https://www.blackberry.com/en/secure-communications/ccoe;https://www.blackberry.com/en/report-an-issue;https://www.blackberry.com/en/legal/privacy-notice,https://www.blackberry.com/en/legal/privacy-notice,20,5,15,25,65,None,True,True,verified,198,200,RSA,2048,observed,observed
839,odoo.com,Open Source ERP and CRM | Odoo,1,1,1,3,observed,https://www.odoo.com/;https://www.odoo.com/security;https://www.odoo.com/industries/audit-certification;https://www.odoo.com/slides;https://www.odoo.com/privacy,https://www.odoo.com/privacy;https://www.odoo.com/security,18,10,10,25,63,None,True,False,verified,89,200,RSA,2048,observed,observed
853,auvik.com,Auvik Networks: Best Network Management Software Solution,0,1,0,1,observed,https://www.auvik.com/;https://www.auvik.com/system-security/;https://trust.auvik.com/;https://www.auvik.com/network-management-software/network-security-and-visibility/;https://www.auvik.com/customer-training-sessions-and-certification/;https://trust.auvik.com/,https://www.auvik.com/network-management-software/network-security-and-visibility/,20,5,25,25,75,None,True,True,verified,90,200,EC-secp256r1,256,observed,observed
862,jetbrains.com,JetBrains: Essential tools for software developers and teams,0,1,0,1,observed,https://www.jetbrains.com/,https://www.jetbrains.com/,18,5,10,25,58,None,True,False,verified,197,200,RSA,2048,observed,observed
898,readthedocs.io,Full featured documentation deployment platform - Read the Docs,0,0,0,0,observed,https://about.readthedocs.com/;https://about.readthedocs.com/;https://about.readthedocs.com/;https://about.readthedocs.com/;https://about.readthedocs.com/;https://about.readthedocs.com/;https://about.readthedocs.com/;https://about.readthedocs.com/;https://about.readthedocs.com/;https://about.readthedocs.com/privacy-policy/;https://trust.readthedocs.io/en/latest/;https://security.readthedocs.io/en/latest/,,15,5,10,25,55,None,False,False,verified,90,200,EC-secp256r1,256,observed,observed
903,agora.io,Real-Time Engagement & Conversational AI Platform | Agora,1,1,0,2,observed,https://www.agora.io/en/;https://www.agora.io/en/;https://www.agora.io/en/;https://www.agora.io/en/;https://www.agora.io/en/;https://www.agora.io/en/;https://www.agora.io/en/;https://www.agora.io/en/;https://www.agora.io/en/;https://www.agora.io/en/compliance/,https://www.agora.io/en/compliance/;https://www.agora.io/en/,20,10,20,25,75,None,True,True,verified,198,200,RSA,2048,observed,observed
940,netlify.app,Push your ideas to the web | Netlify,1,1,0,2,observed,https://www.netlify.com/;https://www.netlify.com/security/;https://compliance.netlify.app/,https://www.netlify.com/security/,20,10,0,25,55,None,True,False,verified,396,398,EC-secp256r1,256,observed,observed
954,tailscale.com,"Tailscale | Secure Connectivity for AI, IoT & Multi-Cloud",0,1,0,1,observed,https://tailscale.com/;https://tailscale.com/security;https://tailscale.com/legal;https://tailscale.com/use-cases/zero-trust-networking;https://tailscale.com/privacy-policy;https://tailscale.com/privacy-policy,https://tailscale.com/security,18,10,15,25,68,None,True,True,verified,89,200,RSA,2048,observed,observed
